"Time (s)","Latitude (°)","Longitude (°)","Height (m)","Velocity (m/s)","Direction (°)","Horizontal Accuracy (m)","Vertical Accuracy (m)"
0.000000000E0,6.145963000E1,2.349192300E1,1.057824986E2,NaN,NaN,2.934300041E1,1.000000000E0
8.447618230E-1,6.145955216E1,2.349139694E1,9.832586669E1,0.000000000E0,NaN,5.195294857E0,8.822536469E0
1.833608646E0,6.145955226E1,2.349139605E1,9.853723159E1,0.000000000E0,NaN,3.790092468E0,4.949425697E0
2.832781561E0,6.145955306E1,2.349139363E1,9.819494737E1,0.000000000E0,NaN,3.790092468E0,3.616111517E0
3.832233801E0,6.145955381E1,2.349139361E1,9.817529481E1,0.000000000E0,NaN,3.790092468E0,3.035141945E0
4.831919947E0,6.145955394E1,2.349139087E1,9.825781462E1,0.000000000E0,NaN,3.790092468E0,2.672608376E0
5.832263332E0,6.145955383E1,2.349139050E1,9.819946492E1,0.000000000E0,NaN,3.790092468E0,2.500000000E0
6.832058019E0,6.145955373E1,2.349139013E1,9.815472607E1,0.000000000E0,NaN,3.790092468E0,2.500000000E0
7.832609789E0,6.145955351E1,2.349138883E1,9.805914486E1,0.000000000E0,NaN,3.790092468E0,2.500000000E0
8.832192757E0,6.145955315E1,2.349138785E1,9.796521144E1,0.000000000E0,NaN,3.790092468E0,2.500000000E0
9.832199006E0,6.145955302E1,2.349138745E1,9.795440811E1,0.000000000E0,NaN,3.790092468E0,2.500000000E0
1.083186250E1,6.145955393E1,2.349138717E1,9.765887682E1,0.000000000E0,NaN,3.790092468E0,2.500000000E0
1.183262781E1,6.145955736E1,2.349138877E1,9.812909506E1,0.000000000E0,NaN,3.790092468E0,2.500000000E0
1.283189833E1,6.145955723E1,2.349138897E1,9.839868720E1,0.000000000E0,NaN,3.790092468E0,2.500000000E0
1.383243567E1,6.145955757E1,2.349139053E1,9.861200533E1,0.000000000E0,NaN,3.790092468E0,2.500000000E0
1.483203937E1,6.145955837E1,2.349138950E1,9.890546323E1,0.000000000E0,NaN,3.790092468E0,2.500000000E0
1.583259786E1,6.145955827E1,2.349138939E1,9.888025561E1,0.000000000E0,NaN,3.790092468E0,2.500000000E0
1.683255687E1,6.145955790E1,2.349139103E1,9.914130251E1,0.000000000E0,NaN,3.790092468E0,2.500000000E0
1.783252588E1,6.145955909E1,2.349139172E1,9.930030027E1,0.000000000E0,NaN,3.790092468E0,2.500000000E0
1.883204775E1,6.145955898E1,2.349139178E1,9.919733384E1,0.000000000E0,NaN,3.790092468E0,2.500000000E0
1.983237885E1,6.145955905E1,2.349139354E1,9.928870345E1,0.000000000E0,NaN,3.790092468E0,2.500000000E0
2.083249197E1,6.145956066E1,2.349139222E1,9.939753084E1,0.000000000E0,NaN,3.790092468E0,2.500000000E0
2.183222666E1,6.145955948E1,2.349138554E1,9.935602609E1,3.700000048E-1,2.548999939E2,3.790092468E0,2.500000000E0
2.283241400E1,6.145955283E1,2.349138074E1,9.921289216E1,7.200000286E-1,2.543000031E2,3.790092468E0,2.500000000E0
2.383185650E1,6.145954018E1,2.349136918E1,9.928404694E1,1.559999943E0,2.083000031E2,3.790092468E0,2.500000000E0
2.483230806E1,6.145952737E1,2.349135682E1,9.948075092E1,1.679999948E0,2.100000000E2,3.790092468E0,2.500000000E0
2.583255666E1,6.145951390E1,2.349134217E1,9.939266432E1,1.740000010E0,2.088999939E2,3.790092468E0,2.500000000E0
2.683230108E1,6.145950091E1,2.349132688E1,9.924946349E1,1.639999986E0,2.123000031E2,3.790092468E0,2.500000000E0
2.783280791E1,6.145948956E1,2.349130949E1,9.938507302E1,1.559999943E0,2.173999939E2,3.790092468E0,2.500000000E0
2.883261739E1,6.145947920E1,2.349129164E1,9.925872070E1,1.440000057E0,2.206000061E2,3.790092468E0,2.500000000E0
2.983244994E1,6.145946968E1,2.349127273E1,9.901603628E1,1.419999957E0,2.226000061E2,3.790092468E0,2.500000000E0
3.083246238E1,6.145946060E1,2.349125349E1,9.887045925E1,1.399999976E0,2.231000061E2,3.790092468E0,2.500000000E0
3.183199264E1,6.145945096E1,2.349123390E1,9.889681771E1,1.419999957E0,2.238999939E2,3.790092468E0,2.500000000E0
3.283258869E1,6.145944261E1,2.349121476E1,9.912599728E1,1.330000043E0,2.271000061E2,3.790092468E0,2.500000000E0
3.383230723E1,6.145943478E1,2.349119458E1,9.918757489E1,1.389999986E0,2.303999939E2,3.790092468E0,2.500000000E0
3.483239405E1,6.145942696E1,2.349117168E1,9.888733625E1,1.440000057E0,2.328999939E2,3.790092468E0,2.500000000E0
3.583262749E1,6.145942007E1,2.349115094E1,9.860241826E1,1.289999962E0,2.325000000E2,3.790092468E0,2.500000000E0
3.683214426E1,6.145941153E1,2.349113128E1,9.869341407E1,1.350000024E0,2.308000031E2,3.790092468E0,2.500000000E0
3.783275686E1,6.145940360E1,2.349110875E1,9.850108546E1,1.409999967E0,2.336999969E2,3.790092468E0,2.500000000E0
3.883225868E1,6.145939770E1,2.349108363E1,9.816904957E1,1.389999986E0,2.398000031E2,3.790092468E0,2.500000000E0
3.983279936E1,6.145939194E1,2.349106102E1,9.807334182E1,1.379999995E0,2.416999969E2,3.790092468E0,2.500000000E0
4.083236170E1,6.145938638E1,2.349103982E1,9.798526358E1,1.340000033E0,2.448000031E2,3.790092468E0,2.500000000E0
4.183190566E1,6.145938043E1,2.349101993E1,9.806069806E1,1.309999943E0,2.431000061E2,3.790092468E0,2.500000000E0
4.283227222E1,6.145937421E1,2.349099710E1,9.851052208E1,1.330000043E0,2.441999969E2,3.790092468E0,2.500000000E0
4.383276978E1,6.145936961E1,2.349097430E1,9.809413680E1,1.370000005E0,2.415000000E2,3.790092468E0,2.500000000E0
4.483254123E1,6.145936355E1,2.349095291E1,9.776966891E1,1.250000000E0,2.431999969E2,3.790092468E0,2.500000000E0
4.583260347E1,6.145935669E1,2.349092928E1,9.774012220E1,1.330000043E0,2.426999969E2,3.790092468E0,2.500000000E0
4.683186686E1,6.145935211E1,2.349090613E1,9.764728432E1,1.279999971E0,2.430000000E2,3.790092468E0,2.500000000E0
4.783206217E1,6.145934746E1,2.349088281E1,9.765289609E1,1.350000024E0,2.443999939E2,3.790092468E0,2.500000000E0
4.883262946E1,6.145934241E1,2.349086212E1,9.778918358E1,1.289999962E0,2.431999969E2,3.790092468E0,2.500000000E0
4.983189800E1,6.145933740E1,2.349083995E1,9.770806396E1,1.259999990E0,2.448999939E2,3.790092468E0,2.500000000E0
5.083196993E1,6.145933083E1,2.349081740E1,9.765923038E1,1.350000024E0,2.371999969E2,3.790092468E0,2.500000000E0
5.183199446E1,6.145932575E1,2.349079630E1,9.786552519E1,1.320000052E0,2.416000061E2,3.790092468E0,2.500000000E0
5.283251206E1,6.145932104E1,2.349077465E1,9.768485750E1,1.309999943E0,2.433000031E2,3.790092468E0,2.500000000E0
5.383190607E1,6.145931762E1,2.349075384E1,9.733610027E1,1.289999962E0,2.403000031E2,3.790092468E0,2.500000000E0
5.483187784E1,6.145931281E1,2.349073437E1,9.743460717E1,1.309999943E0,2.380000000E2,3.790092468E0,2.500000000E0
5.583186878E1,6.145930769E1,2.349071345E1,9.745755232E1,1.340000033E0,2.436999969E2,3.790092468E0,2.500000000E0
5.683261300E1,6.145930211E1,2.349069112E1,9.743197413E1,1.360000014E0,2.431000061E2,3.790092468E0,2.500000000E0
5.783229836E1,6.145929822E1,2.349066847E1,9.731911739E1,1.340000033E0,2.418000031E2,3.790092468E0,2.500000000E0
5.883190591E1,6.145929324E1,2.349064558E1,9.733040507E1,1.320000052E0,2.425000000E2,3.790092468E0,2.500000000E0
5.983249701E1,6.145928807E1,2.349062078E1,9.725715896E1,1.340000033E0,2.431000061E2,3.790092468E0,2.500000000E0
6.083205690E1,6.145928219E1,2.349059757E1,9.726954438E1,1.360000014E0,2.386000061E2,3.790092468E0,2.500000000E0
6.183215065E1,6.145927680E1,2.349057704E1,9.726563376E1,1.279999971E0,2.351000061E2,3.790092468E0,2.500000000E0
6.283254800E1,6.145927090E1,2.349055693E1,9.742511372E1,1.269999981E0,2.366000061E2,3.790092468E0,2.500000000E0
6.383269003E1,6.145926494E1,2.349053591E1,9.741589249E1,1.269999981E0,2.381000061E2,3.790092468E0,2.500000000E0
6.483257409E1,6.145925790E1,2.349051704E1,9.742919202E1,1.289999962E0,2.338999939E2,3.790092468E0,2.500000000E0
6.583220008E1,6.145925137E1,2.349049683E1,9.725438180E1,1.299999952E0,2.340000000E2,3.790092468E0,2.500000000E0
6.683219331E1,6.145924569E1,2.349047658E1,9.744492888E1,1.289999962E0,2.366999969E2,3.790092468E0,2.500000000E0
6.783261268E1,6.145923994E1,2.349045607E1,9.752262190E1,1.309999943E0,2.338000031E2,3.790092468E0,2.500000000E0
6.883234596E1,6.145923287E1,2.349043782E1,9.756436375E1,1.309999943E0,2.308999939E2,3.790092468E0,2.500000000E0
6.983261732E1,6.145922614E1,2.349041991E1,9.730965818E1,1.340000033E0,2.325000000E2,3.790092468E0,2.500000000E0
7.083207883E1,6.145921845E1,2.349040251E1,9.697346967E1,1.330000043E0,2.261999969E2,3.790092468E0,2.500000000E0
7.183202565E1,6.145921111E1,2.349038482E1,9.692896854E1,1.289999962E0,2.270000000E2,3.790092468E0,2.500000000E0
7.283225346E1,6.145920320E1,2.349036770E1,9.681769435E1,1.330000043E0,2.276999969E2,3.790092468E0,2.500000000E0
7.383207075E1,6.145919549E1,2.349035154E1,9.654083193E1,1.350000024E0,2.243000031E2,3.790092468E0,2.500000000E0
7.483225956E1,6.145918850E1,2.349033419E1,9.642131893E1,1.320000052E0,2.283999939E2,3.790092468E0,2.500000000E0
7.583236195E1,6.145918185E1,2.349031647E1,9.638414272E1,1.279999971E0,2.303999939E2,3.790092468E0,2.500000000E0
7.683216164E1,6.145917495E1,2.349029845E1,9.634550144E1,1.279999971E0,2.338000031E2,3.790092468E0,2.500000000E0
7.783227169E1,6.145916748E1,2.349028064E1,9.622641522E1,1.330000043E0,2.323000031E2,3.790092468E0,2.500000000E0
7.883231138E1,6.145915995E1,2.349026289E1,9.621255356E1,1.299999952E0,2.291000061E2,3.790092468E0,2.500000000E0
7.983204882E1,6.145915325E1,2.349024387E1,9.620278216E1,1.250000000E0,2.353999939E2,3.790092468E0,2.500000000E0
8.083274018E1,6.145914538E1,2.349022369E1,9.637757994E1,1.370000005E0,2.323000031E2,3.790092468E0,2.500000000E0
8.183264013E1,6.145913831E1,2.349020256E1,9.641913884E1,1.340000033E0,2.366000061E2,3.790092468E0,2.500000000E0
8.283238273E1,6.145913225E1,2.349018267E1,9.631439743E1,1.289999962E0,2.376999969E2,3.790092468E0,2.500000000E0
8.383211898E1,6.145912456E1,2.349016458E1,9.637145848E1,1.299999952E0,2.346000061E2,3.790092468E0,2.500000000E0
8.483239903E1,6.145911780E1,2.349014491E1,9.630944095E1,1.350000024E0,2.366000061E2,3.790092468E0,2.500000000E0
8.583202195E1,6.145911073E1,2.349012365E1,9.623594859E1,1.409999967E0,2.363000031E2,3.790092468E0,2.500000000E0
8.683262658E1,6.145910334E1,2.349010130E1,9.612571280E1,1.399999976E0,2.365000000E2,3.790092468E0,2.500000000E0
8.783281934E1,6.145909588E1,2.349008111E1,9.617032302E1,1.350000024E0,2.323000031E2,3.790092468E0,2.500000000E0
8.883199507E1,6.145908905E1,2.349006286E1,9.601193084E1,1.379999995E0,2.286999969E2,3.790092468E0,2.500000000E0
8.983190346E1,6.145908298E1,2.349004270E1,9.612178904E1,1.389999986E0,2.333000031E2,3.790092468E0,2.500000000E0
9.083213674E1,6.145907697E1,2.349002099E1,9.613765325E1,1.399999976E0,2.363999939E2,3.790092468E0,2.500000000E0
9.183221226E1,6.145907129E1,2.349000060E1,9.580915737E1,1.379999995E0,2.375000000E2,3.790092468E0,2.500000000E0
9.283255903E1,6.145906621E1,2.348998107E1,9.578986615E1,1.320000052E0,2.363999939E2,3.790092468E0,2.500000000E0
9.383218496E1,6.145906093E1,2.348996128E1,9.579700297E1,1.330000043E0,2.365000000E2,3.790092468E0,2.500000000E0
9.483277585E1,6.145905406E1,2.348994254E1,9.585144036E1,1.340000033E0,2.346000061E2,3.790092468E0,2.500000000E0
9.583279642E1,6.145904757E1,2.348992366E1,9.574547776E1,1.309999943E0,2.341000061E2,3.790092468E0,2.500000000E0
9.683184647E1,6.145904160E1,2.348990425E1,9.575932773E1,1.259999990E0,2.343999939E2,3.790092468E0,2.500000000E0
9.783224418E1,6.145903487E1,2.348988376E1,9.604551585E1,1.340000033E0,2.351000061E2,3.790092468E0,2.500000000E0
9.883184892E1,6.145902776E1,2.348986349E1,9.607700386E1,1.360000014E0,2.328999939E2,3.790092468E0,2.500000000E0
9.983237955E1,6.145902086E1,2.348984475E1,9.593899738E1,1.340000033E0,2.306999969E2,3.790092468E0,2.500000000E0
1.008324819E2,6.145901428E1,2.348982480E1,9.573897957E1,1.289999962E0,2.343999939E2,3.790092468E0,2.500000000E0
1.018320684E2,6.145900763E1,2.348980459E1,9.578615408E1,1.360000014E0,2.350000000E2,3.790092468E0,2.500000000E0
1.028327196E2,6.145899890E1,2.348977793E1,9.657673503E1,1.279999971E0,2.381999969E2,3.790092468E0,2.500000000E0
1.038318557E2,6.145899092E1,2.348975556E1,9.624817589E1,1.330000043E0,2.371000061E2,3.790092468E0,2.500000000E0
1.048325896E2,6.145898304E1,2.348973334E1,9.636444106E1,1.340000033E0,2.373000031E2,3.790092468E0,2.500000000E0
1.058324763E2,6.145897528E1,2.348971128E1,9.626787675E1,1.350000024E0,2.348000031E2,3.790092468E0,2.500000000E0
1.068328043E2,6.145896842E1,2.348968919E1,9.615690906E1,1.370000005E0,2.361000061E2,3.790092468E0,2.500000000E0
1.078319857E2,6.145896140E1,2.348966816E1,9.582041625E1,1.379999995E0,2.328000031E2,3.790092468E0,2.500000000E0
1.088328121E2,6.145895485E1,2.348964793E1,9.556680962E1,1.309999943E0,2.331000061E2,3.790092468E0,2.500000000E0
1.098326264E2,6.145894818E1,2.348962745E1,9.551486303E1,1.289999962E0,2.361999969E2,3.790092468E0,2.500000000E0
1.108325117E2,6.145894094E1,2.348960530E1,9.564766938E1,1.389999986E0,2.335000000E2,3.790092468E0,2.500000000E0
1.118322022E2,6.145893357E1,2.348958375E1,9.561091989E1,1.350000024E0,2.355000000E2,3.790092468E0,2.500000000E0
1.128321204E2,6.145892557E1,2.348956246E1,9.563227522E1,1.360000014E0,2.326999969E2,3.790092468E0,2.500000000E0
1.138325990E2,6.145891813E1,2.348954220E1,9.549652657E1,1.330000043E0,2.326000061E2,3.790092468E0,2.500000000E0
1.148323054E2,6.145891079E1,2.348952166E1,9.557043380E1,1.360000014E0,2.333000031E2,3.790092468E0,2.500000000E0
1.158325882E2,6.145890292E1,2.348950041E1,9.562895967E1,1.399999976E0,2.330000000E2,3.790092468E0,2.500000000E0
1.168320939E2,6.145889308E1,2.348947593E1,9.619657796E1,1.309999943E0,2.330000000E2,3.790092468E0,2.500000000E0
1.178322318E2,6.145888556E1,2.348945484E1,9.612320720E1,1.269999981E0,2.351999969E2,3.790092468E0,2.500000000E0
1.188325497E2,6.145887868E1,2.348943313E1,9.608999826E1,1.279999971E0,2.378999939E2,3.790092468E0,2.500000000E0
1.198323101E2,6.145887199E1,2.348941072E1,9.632162109E1,1.389999986E0,2.378999939E2,3.790092468E0,2.500000000E0
1.208320162E2,6.145886487E1,2.348938864E1,9.633809455E1,1.389999986E0,2.358999939E2,3.790092468E0,2.500000000E0
1.218318353E2,6.145885846E1,2.348936935E1,9.619911203E1,1.279999971E0,2.341000061E2,3.790092468E0,2.500000000E0
1.228325708E2,6.145885101E1,2.348934982E1,9.621723296E1,1.350000024E0,2.311999969E2,3.790092468E0,2.500000000E0
1.238319416E2,6.145884365E1,2.348932895E1,9.622882329E1,1.409999967E0,2.331999969E2,3.790092468E0,2.500000000E0
1.248324739E2,6.145883724E1,2.348930768E1,9.610076617E1,1.289999962E0,2.348999939E2,3.790092468E0,2.500000000E0
1.258322634E2,6.145883118E1,2.348928766E1,9.610008971E1,1.299999952E0,2.336999969E2,3.790092468E0,2.500000000E0
1.268321593E2,6.145882391E1,2.348926785E1,9.620182900E1,1.330000043E0,2.336999969E2,3.790092468E0,2.500000000E0
1.278327993E2,6.145881700E1,2.348924894E1,9.610611988E1,1.289999962E0,2.353000031E2,3.790092468E0,2.500000000E0
1.288323090E2,6.145881011E1,2.348922955E1,9.616952946E1,1.259999990E0,2.335000000E2,3.790092468E0,2.500000000E0
1.298319284E2,6.145880354E1,2.348921079E1,9.621993884E1,1.250000000E0,2.341999969E2,3.790092468E0,2.500000000E0
1.308318413E2,6.145879650E1,2.348919055E1,9.617562126E1,1.350000024E0,2.351999969E2,3.790092468E0,2.500000000E0
1.318324945E2,6.145878925E1,2.348916953E1,9.606019755E1,1.330000043E0,2.328999939E2,3.790092468E0,2.500000000E0
1.328320617E2,6.145878311E1,2.348915070E1,9.592036079E1,1.269999981E0,2.350000000E2,3.790092468E0,2.500000000E0
1.338326157E2,6.145877712E1,2.348913202E1,9.609967700E1,1.289999962E0,2.361000061E2,3.790092468E0,2.500000000E0
1.348326245E2,6.145877057E1,2.348911295E1,9.605542089E1,1.299999952E0,2.318999939E2,3.790092468E0,2.500000000E0
1.358323921E2,6.145876284E1,2.348909612E1,9.587371229E1,1.309999943E0,2.265000000E2,3.790092468E0,2.500000000E0
1.368320880E2,6.145875501E1,2.348907776E1,9.563920826E1,1.320000052E0,2.281999969E2,3.790092468E0,2.500000000E0
1.378328274E2,6.145874743E1,2.348905919E1,9.588395255E1,1.340000033E0,2.303999939E2,3.790092468E0,2.500000000E0
1.388325546E2,6.145874010E1,2.348904037E1,9.573074788E1,1.320000052E0,2.291000061E2,3.790092468E0,2.500000000E0
1.398326433E2,6.145873309E1,2.348902270E1,9.573159621E1,1.360000014E0,2.281999969E2,3.790092468E0,2.500000000E0
1.408327308E2,6.145872567E1,2.348900549E1,9.582625513E1,1.289999962E0,2.286999969E2,3.790092468E0,2.500000000E0
1.418327602E2,6.145871850E1,2.348898542E1,9.611756973E1,1.409999967E0,2.320000000E2,3.790092468E0,2.500000000E0
1.428320292E2,6.145871190E1,2.348896642E1,9.615381894E1,1.289999962E0,2.333999939E2,3.790092468E0,2.500000000E0
1.438324283E2,6.145870521E1,2.348894799E1,9.609296109E1,1.299999952E0,2.321999969E2,3.790092468E0,2.500000000E0
1.448318696E2,6.145869854E1,2.348892988E1,9.633923215E1,1.320000052E0,2.305000000E2,3.790092468E0,2.500000000E0
1.458323773E2,6.145869056E1,2.348890883E1,9.617113436E1,1.419999957E0,2.315000000E2,3.790092468E0,2.500000000E0
1.468326390E2,6.145868125E1,2.348888848E1,9.596867240E1,1.460000038E0,2.261000061E2,3.790092468E0,2.500000000E0
1.478324290E2,6.145867133E1,2.348886941E1,9.560593142E1,1.460000038E0,2.216999969E2,3.790092468E0,2.500000000E0
1.488321651E2,6.145866103E1,2.348884850E1,9.537502610E1,1.539999962E0,2.236000061E2,3.790092468E0,2.500000000E0
1.498325805E2,6.145865185E1,2.348882776E1,9.518483235E1,1.480000019E0,2.251999969E2,3.790092468E0,2.500000000E0
1.508322434E2,6.145864296E1,2.348880451E1,9.505793249E1,1.580000043E0,2.258000031E2,3.790092468E0,2.500000000E0
1.518320009E2,6.145863385E1,2.348878273E1,9.468823448E1,1.519999981E0,2.243999939E2,3.790092468E0,2.500000000E0
1.528327841E2,6.145862355E1,2.348875944E1,9.453240252E1,1.610000014E0,2.271999969E2,3.790092468E0,2.500000000E0
1.538325470E2,6.145861318E1,2.348873553E1,9.450321848E1,1.590000033E0,2.258000031E2,3.790092468E0,2.500000000E0
1.548323722E2,6.145860232E1,2.348871110E1,9.473056473E1,1.639999986E0,2.246000061E2,3.790092468E0,2.500000000E0
1.558321510E2,6.145859205E1,2.348868878E1,9.471828745E1,1.620000005E0,2.248999939E2,3.790092468E0,2.500000000E0
1.568318744E2,6.145858128E1,2.348866568E1,9.464296038E1,1.659999967E0,2.248999939E2,3.790092468E0,2.500000000E0
1.578324048E2,6.145856997E1,2.348864266E1,9.472479828E1,1.669999957E0,2.223999939E2,3.790092468E0,2.500000000E0
1.588319386E2,6.145855862E1,2.348862183E1,9.470806425E1,1.669999957E0,2.226000061E2,3.790092468E0,2.500000000E0
1.598322944E2,6.145854783E1,2.348860000E1,9.472190946E1,1.629999995E0,2.236999969E2,3.790092468E0,2.500000000E0
1.608320758E2,6.145853674E1,2.348857473E1,9.492319351E1,1.710000038E0,2.248000031E2,3.790092468E0,2.500000000E0
1.618319754E2,6.145852494E1,2.348855221E1,9.474843910E1,1.620000005E0,2.218000031E2,3.790092468E0,2.500000000E0
1.628327193E2,6.145851372E1,2.348852957E1,9.482991086E1,1.690000057E0,2.233999939E2,3.790092468E0,2.500000000E0
1.638321834E2,6.145850233E1,2.348850701E1,9.480188538E1,1.610000014E0,2.221000061E2,3.790092468E0,2.500000000E0
1.648326122E2,6.145849053E1,2.348848245E1,9.495086155E1,1.700000048E0,2.248999939E2,3.790092468E0,2.500000000E0
1.658320183E2,6.145847945E1,2.348846001E1,9.480204780E1,1.600000024E0,2.231999969E2,3.790092468E0,2.500000000E0
1.668323067E2,6.145846851E1,2.348843753E1,9.480020685E1,1.669999957E0,2.243000031E2,3.790092468E0,2.500000000E0
1.678326048E2,6.145845763E1,2.348841773E1,9.483297276E1,1.620000005E0,2.210000000E2,3.790092468E0,2.500000000E0
1.688326050E2,6.145844650E1,2.348839767E1,9.486567739E1,1.659999967E0,2.210000000E2,3.790092468E0,2.500000000E0
1.698321611E2,6.145843544E1,2.348837814E1,9.480200755E1,1.610000014E0,2.190000000E2,3.790092468E0,2.500000000E0
1.708319309E2,6.145842480E1,2.348835692E1,9.487963461E1,1.669999957E0,2.221999969E2,3.790092468E0,2.500000000E0
1.718318917E2,6.145841357E1,2.348833628E1,9.490055938E1,1.629999995E0,2.225000000E2,3.790092468E0,2.500000000E0
1.728321876E2,6.145840163E1,2.348831391E1,9.485556556E1,1.700000048E0,2.210000000E2,3.790092468E0,2.500000000E0
1.738323298E2,6.145838882E1,2.348829311E1,9.482424265E1,1.710000038E0,2.213999939E2,3.790092468E0,2.500000000E0
1.748327733E2,6.145837695E1,2.348827034E1,9.471229335E1,1.679999948E0,2.241000061E2,3.790092468E0,2.500000000E0
1.758323083E2,6.145836537E1,2.348824888E1,9.464538823E1,1.659999967E0,2.206000061E2,3.790092468E0,2.500000000E0
1.768318332E2,6.145835282E1,2.348822845E1,9.482073059E1,1.769999981E0,2.208000031E2,3.790092468E0,2.500000000E0
1.778325744E2,6.145834032E1,2.348820842E1,9.475382446E1,1.740000010E0,2.198999939E2,3.790092468E0,2.500000000E0
1.788325382E2,6.145832824E1,2.348818925E1,9.461953589E1,1.720000029E0,2.203999939E2,3.790092468E0,2.500000000E0
1.798319090E2,6.145831677E1,2.348816805E1,9.452980371E1,1.700000048E0,2.228999939E2,3.790092468E0,2.500000000E0
1.808322218E2,6.145830585E1,2.348814696E1,9.478339484E1,1.720000029E0,2.226000061E2,3.790092468E0,2.500000000E0
1.818321612E2,6.145829383E1,2.348812694E1,9.475066888E1,1.740000010E0,2.188999939E2,3.790092468E0,2.500000000E0
1.828319651E2,6.145828204E1,2.348810680E1,9.478087040E1,1.710000038E0,2.191999969E2,3.790092468E0,2.500000000E0
1.838320702E2,6.145827084E1,2.348808505E1,9.495731284E1,1.730000019E0,2.205000000E2,3.790092468E0,2.500000000E0
1.848324335E2,6.145825931E1,2.348806499E1,9.499947752E1,1.679999948E0,2.193999939E2,3.790092468E0,2.500000000E0
1.858327266E2,6.145824861E1,2.348804360E1,9.510432621E1,1.730000019E0,2.213000031E2,3.790092468E0,2.500000000E0
1.868319838E2,6.145823749E1,2.348802237E1,9.518207485E1,1.710000038E0,2.211000061E2,3.790092468E0,2.500000000E0
1.878324595E2,6.145822607E1,2.348800135E1,9.518920551E1,1.710000038E0,2.216999969E2,3.790092468E0,2.500000000E0
1.888318740E2,6.145821466E1,2.348798079E1,9.524131906E1,1.690000057E0,2.211000061E2,3.790092468E0,2.500000000E0
1.898323034E2,6.145820267E1,2.348795937E1,9.522501166E1,1.759999990E0,2.213999939E2,3.790092468E0,2.500000000E0
1.908319063E2,6.145819092E1,2.348793779E1,9.548385100E1,1.679999948E0,2.193000031E2,3.790092468E0,2.500000000E0
1.918324598E2,6.145817970E1,2.348791574E1,9.573329148E1,1.700000048E0,2.233999939E2,3.790092468E0,2.500000000E0
1.928323188E2,6.145816752E1,2.348789588E1,9.586639787E1,1.669999957E0,2.193000031E2,3.790092468E0,2.500000000E0
1.938321962E2,6.145815485E1,2.348787793E1,9.623241381E1,1.669999957E0,2.166000061E2,3.790092468E0,2.500000000E0
1.948322383E2,6.145814167E1,2.348785989E1,9.645096830E1,1.679999948E0,2.151999969E2,3.790092468E0,2.500000000E0
1.958326335E2,6.145812914E1,2.348783912E1,9.667111052E1,1.710000038E0,2.183000031E2,3.790092468E0,2.500000000E0
1.968321694E2,6.145811699E1,2.348781741E1,9.675618236E1,1.710000038E0,2.178999939E2,3.790092468E0,2.500000000E0
1.978323548E2,6.145810297E1,2.348779265E1,9.725647465E1,1.649999976E0,2.208000031E2,3.790092468E0,2.500000000E0
1.988328059E2,6.145808990E1,2.348777065E1,9.751213884E1,1.690000057E0,2.218999939E2,3.790092468E0,2.500000000E0
1.998318564E2,6.145807774E1,2.348774903E1,9.758793333E1,1.700000048E0,2.211999969E2,3.790092468E0,2.500000000E0
2.008319833E2,6.145806619E1,2.348772693E1,9.766928266E1,1.669999957E0,2.223999939E2,3.790092468E0,2.500000000E0
2.018326149E2,6.145805564E1,2.348770267E1,9.784395587E1,1.679999948E0,2.226000061E2,3.790092468E0,2.500000000E0
2.028326462E2,6.145804572E1,2.348767862E1,9.795210140E1,1.679999948E0,2.230000000E2,3.790092468E0,2.500000000E0
2.038326027E2,6.145803466E1,2.348765700E1,9.829089749E1,1.659999967E0,2.216999969E2,3.790092468E0,2.500000000E0
2.048318432E2,6.145802411E1,2.348763515E1,9.830883230E1,1.679999948E0,2.233000031E2,3.790092468E0,2.500000000E0
2.058323668E2,6.145801483E1,2.348761118E1,9.818846284E1,1.700000048E0,2.276000061E2,3.790092468E0,2.500000000E0
2.068324343E2,6.145800502E1,2.348758936E1,9.812412300E1,1.639999986E0,2.281999969E2,3.790092468E0,2.500000000E0
2.078322021E2,6.145799413E1,2.348756780E1,9.814462092E1,1.679999948E0,2.268000031E2,3.790092468E0,2.500000000E0
2.088325551E2,6.145798333E1,2.348754721E1,9.806923266E1,1.659999967E0,2.236000061E2,3.790092468E0,2.500000000E0
2.098322750E2,6.145797264E1,2.348752507E1,9.805585630E1,1.690000057E0,2.251999969E2,3.790092468E0,2.500000000E0
2.108321920E2,6.145796243E1,2.348750320E1,9.785412592E1,1.649999976E0,2.261999969E2,3.790092468E0,2.500000000E0
2.118327858E2,6.145795077E1,2.348748417E1,9.759166394E1,1.730000019E0,2.168999939E2,3.790092468E0,2.500000000E0
2.128325650E2,6.145793931E1,2.348745871E1,9.714707361E1,1.879999995E0,2.236999969E2,3.790092468E0,2.500000000E0
2.138323305E2,6.145792243E1,2.348743157E1,9.707247298E1,2.299999952E0,2.158000031E2,3.790092468E0,2.500000000E0
2.148321299E2,6.145790520E1,2.348739347E1,9.658625149E1,2.640000105E0,2.263999939E2,3.790092468E0,2.500000000E0
2.158326477E2,6.145788799E1,2.348735518E1,9.641259106E1,2.710000038E0,2.246000061E2,3.790092468E0,2.500000000E0
2.168324691E2,6.145787101E1,2.348731615E1,9.590085718E1,2.720000029E0,2.261999969E2,3.790092468E0,2.500000000E0
2.178322366E2,6.145785312E1,2.348728060E1,9.562166613E1,2.740000010E0,2.251999969E2,3.790092468E0,2.500000000E0
2.188320739E2,6.145783480E1,2.348724541E1,9.544885891E1,2.779999971E0,2.240000000E2,3.790092468E0,2.500000000E0
2.198327755E2,6.145781637E1,2.348721005E1,9.514085871E1,2.829999924E0,2.215000000E2,3.790092468E0,2.500000000E0
2.208325133E2,6.145779885E1,2.348717246E1,9.498471503E1,2.839999914E0,2.246000061E2,3.790092468E0,2.500000000E0
2.218322834E2,6.145777984E1,2.348713651E1,9.452284464E1,2.839999914E0,2.233000031E2,3.790092468E0,2.500000000E0
2.228320555E2,6.145776243E1,2.348709578E1,9.416217243E1,2.859999895E0,2.288000031E2,3.790092468E0,2.500000000E0
2.238318378E2,6.145774555E1,2.348705356E1,9.394139341E1,2.880000114E0,2.306000061E2,3.790092468E0,2.500000000E0
2.248326275E2,6.145772906E1,2.348701271E1,9.383322457E1,2.890000105E0,2.283000031E2,3.790092468E0,2.500000000E0
2.258321253E2,6.145771297E1,2.348696873E1,9.400362076E1,2.910000086E0,2.326999969E2,3.790092468E0,2.500000000E0
2.268319500E2,6.145769667E1,2.348692558E1,9.395172666E1,2.920000076E0,2.328999939E2,3.790092468E0,2.500000000E0
2.278320659E2,6.145768145E1,2.348688215E1,9.361498259E1,2.900000095E0,2.346000061E2,3.790092468E0,2.500000000E0
2.288327376E2,6.145766654E1,2.348683885E1,9.370286041E1,2.900000095E0,2.343999939E2,3.790092468E0,2.500000000E0
2.298325963E2,6.145765195E1,2.348679328E1,9.365121231E1,2.890000105E0,2.361000061E2,3.790092468E0,2.500000000E0
2.308327924E2,6.145763921E1,2.348674713E1,9.373042549E1,2.900000095E0,2.400000000E2,3.790092468E0,2.500000000E0
2.318327826E2,6.145762436E1,2.348669981E1,9.311658239E1,2.920000076E0,2.370000000E2,3.790092468E0,2.500000000E0
2.328321383E2,6.145761189E1,2.348664788E1,9.308526149E1,2.920000076E0,2.446999969E2,3.790092468E0,2.500000000E0
2.338325092E2,6.145759629E1,2.348660136E1,9.332194249E1,2.950000048E0,2.360000000E2,3.790092468E0,2.500000000E0
2.348320729E2,6.145757860E1,2.348655950E1,9.371841116E1,2.900000095E0,2.296999969E2,3.790092468E0,2.500000000E0
2.358326244E2,6.145756359E1,2.348651417E1,9.366493157E1,2.930000067E0,2.383999939E2,3.790092468E0,2.500000000E0
2.368322451E2,6.145754731E1,2.348646883E1,9.355694629E1,2.930000067E0,2.336000061E2,3.790092468E0,2.500000000E0
2.378326522E2,6.145753148E1,2.348642230E1,9.322014074E1,2.940000057E0,2.371999969E2,3.790092468E0,2.500000000E0
2.388324810E2,6.145751682E1,2.348637416E1,9.295767727E1,2.950000048E0,2.375000000E2,3.790092468E0,2.500000000E0
2.398325147E2,6.145749987E1,2.348632793E1,9.346492574E1,2.990000010E0,2.330000000E2,3.790092468E0,2.500000000E0
2.408322702E2,6.145748327E1,2.348628379E1,9.335224037E1,2.940000057E0,2.350000000E2,3.790092468E0,2.500000000E0
2.418320737E2,6.145746581E1,2.348623907E1,9.266966890E1,2.940000057E0,2.318999939E2,3.790092468E0,2.500000000E0
2.428325840E2,6.145744979E1,2.348619111E1,9.264066352E1,2.970000029E0,2.378000031E2,3.790092468E0,2.500000000E0
2.438322875E2,6.145743511E1,2.348614240E1,9.239590026E1,2.950000048E0,2.376000061E2,3.790092468E0,2.500000000E0
2.448320736E2,6.145742507E1,2.348608944E1,9.262831478E1,2.930000067E0,2.476999969E2,3.790092468E0,2.590263128E0
2.458318708E2,6.145741740E1,2.348603410E1,9.264503360E1,2.980000019E0,2.518000031E2,3.790092468E0,2.835407019E0
2.468325067E2,6.145740698E1,2.348598382E1,9.261932992E1,2.910000086E0,2.446999969E2,3.790092468E0,2.500000000E0
2.478320744E2,6.145739314E1,2.348593668E1,9.337908403E1,2.900000095E0,2.385000000E2,3.790092468E0,2.500000000E0
2.488320903E2,6.145737913E1,2.348589379E1,9.356223862E1,2.779999971E0,2.386000061E2,3.790092468E0,2.500000000E0
2.498323811E2,6.145736527E1,2.348585214E1,9.339785911E1,2.660000086E0,2.373999939E2,3.790092468E0,2.500000000E0
2.508322146E2,6.145735118E1,2.348581103E1,9.352394566E1,2.650000095E0,2.368999939E2,3.790092468E0,2.500000000E0
2.518326261E2,6.145733877E1,2.348577055E1,9.454627410E1,2.170000076E0,2.390000000E2,3.790092468E0,2.500000000E0
2.528325743E2,6.145732526E1,2.348573159E1,9.510864042E1,2.279999971E0,2.341999969E2,3.790092468E0,2.500000000E0
2.538323410E2,6.145730938E1,2.348569232E1,9.512821870E1,2.549999952E0,2.318999939E2,3.790092468E0,2.500000000E0
2.548321058E2,6.145730260E1,2.348567484E1,9.497824938E1,1.220000029E0,2.343999939E2,3.790092468E0,2.658473492E0
2.558319155E2,6.145729961E1,2.348566212E1,9.472586665E1,1.139999986E0,2.406000061E2,3.790092468E0,2.514021635E0
2.568324027E2,6.145729823E1,2.348565456E1,9.551645404E1,5.799999833E-1,2.368000031E2,3.790092468E0,2.500000000E0
2.578327684E2,6.145729619E1,2.348565300E1,9.565048525E1,2.199999988E-1,2.115000000E2,3.790092468E0,2.500000000E0
